epoch,time,train/box_loss,train/cls_loss,train/dfl_loss,metrics/precision(B),metrics/recall(B),metrics/mAP50(B),metrics/mAP50-95(B),val/box_loss,val/cls_loss,val/dfl_loss,lr/pg0,lr/pg1,lr/pg2
1,24.2465,1.53284,2.02438,1.45947,0.81215,0.79411,0.86803,0.49351,1.47169,1.60507,1.79637,0.000658824,0.000658824,0.000658824
2,44.9031,1.45237,1.25099,1.40454,0.72079,0.69388,0.7743,0.44885,1.45475,1.54695,1.65347,0.000888078,0.000888078,0.000888078
3,64.2681,1.30687,1.10603,1.33713,0.95418,0.85011,0.93073,0.47896,1.37614,1.10702,1.50838,0.000677333,0.000677333,0.000677333
